a,a,a,a,a,a,a,a,a,a
b,b,b,b,b,b,b,b,b,b
c,c,c,c,c,c,c,c,c,c
d,d,d,d,d,d,d,d,d,d
e,j,e,e,e,e,qx,YeX,e,e
h,e,f,k,h,q,f,NhS,h,f
c,z,h,cx,k,h,e,JVT,i,g
ff,h,f,h,i,k,h,ynu,f,DRJ
gg,c,k,dw,f,za,rx,YeX,n,aaa
hh,i,i,k,ba,i,dd,e,k,k
ii,aaaa,k,ev,cb,ax,k,f,nSt,f
jj,k,q,fu,db,bx,rx,h,YeX,rkW
kk,bbbb,bbb,gs,k,k,y,n,k,m
ll,cccc,ccc,aa,db,y,rx,o,i,k
mm,k,ddd,h,o,ax,y,f,g,i
nn,dddd,eee,hr,db,cx,rx,Ajt,nSt,Xfz
oo,eeee,n,iq,cb,g,sx,zvK,atN,l
pp,ffff,fff,p,eb,k,o,g,qUt,k
k,k,k,gs,fb,ax,rx,k,k,rkW
qq,gggg,fff,jp,gb,dx,w,r,q,f
k,x,ggg,ko,hb,k,rx,o,nSt,XXY
rr,g,g,k,ib,ex,k,zvK,n,LUr
y,p,k,hr,jb,cx,rx,k,k,s
ss,k,fff,o,db,ax,p,zvK,nSt,k
w,eeee,ddd,k,mb,bx,k,o,v,JcS
pp,k,hhh,hr,o,o,q,i,k,THw
i,hhhh,iii,ln,lb,ax,rx,g,i,ytL
pp,iiii,fff,gs,fb,n,v,k,izG,k
uu,jjjj,k,mr,kb,k,o,q,k,ytL
vv,kkkk,i,k,nb,q,k,v,gXt,p
ww,llll,fff,i,db,f,qx,o,NZJ,q
pp,mmmm,ggg,gs,jb,i,i,i,nSt,k
x,nnnn,ddd,q,fb,ax,k,k,zZq,n
pp,oooo,k,f,cb,n,ux,zvK,TJm,r
aa,k,fff,nl,ob,k,n,Ccv,k,JcS
pp,pppp,w,ok,db,ax,rx,k,NZJ,THw
o,q,jjj,gs,fb,k,k,Zun,nSt,k
aa,bbbb,kkk,ok,kb,ax,vx,APb,EPE,i
xx,qqqq,fff,pj,o,v,wx,Ccv,Wdg,ytL
k,rrrr,lll,gs,kb,y,rx,zvK,CyK,xuH
n,ssss,mmm,qi,fb,ax,k,f,qWZ,WCz
pp,pp,fff,rh,db,fx,xv,vKC,MPb,CSh
yy,uuuu,k,k,pb,f,qx,zvK,k,k
q,k,ddd,hr,qb,k,yx,uBC,p,WCz
p,vvvv,k,x,jb,i,zx,Ccv,nSt,xuH
kk,pp,fff,k,k,ax,YqC,o,k,ytL
q,aa,nnn,hr,i,k,rx,i,nSt,k
p,wwww,ooo,sg,rb,gx,k,bb,k,ytL
pp,p,ppp,gs,f,q,n,zvK,UYa,gZH
zz,k,qqq,p,sb,p,rx,Ccv,nSt,DGp
k,iiii,k,k,cb,v,r,ivv,kRP,arv
v,xxxx,f,uf,k,k,k,f,k,f
k,yyyy,ddd,n,cb,i,q,k,BTj,ytL
pp,z,fff,ve,q,f,v,zvK,nSt,THw
k,zzzz,rrr,jp,cb,i,rx,qji,dgV,u
i,bb,k,wd,ob,q,apG,k,k,arv
pp,p,fff,k,fb,n,k,r,nSt,k
,k,p,uf,ub,hx,za,f,qzi,ytL
,zzzz,k,xc,cb,z,rx,zvK,Ada,gxA
,bb,sss,yb,fb,ix,o,qpH,k,k
,cc,fff,wd,vb,ax,rx,k,nSt,u
,ab,uuu,,fb,x,rzn,f,HHm,ytL
,,vvv,,k,q,rx,zvK,pzU,k
,,f,,cb,k,ene,k,yix,r
,,k,,wb,n,eyk,nmb,k,u
,,www,,xb,jx,bb,k,nSt,g
,,k,,o,z,GyJ,zvK,Vwb,p
,,xxx,,cb,x,Nkg,k,k,u
,,fff,,yb,p,k,zvK,nSt,ytL
,,yyy,,db,n,EVL,dMb,EQx,k
,,fff,,lb,kx,nUH,n,paN,u
,,zzz,,zb,ax,rx,k,MPb,i
,,k,,fb,k,k,zvK,nUH,g
,,fff,,cb,v,PNP,q,qwx,ytL
,,az,,ac,f,k,i,nSt,k
,,fff,,k,lx,s,k,k,i
,,k,,f,ax,rx,f,ZEnV,THw
,,fff,,,fx,EVL,v,nSt,ytL
,,by,,,mx,zgd,zvK,i,k
,,vvv,,,f,z,jxQ,k,Brr
,,k,,,fx,NhS,o,dXhw,q
,,,,,nx,qx,k,nSt,n
,,,,,ix,,zvK,k,THw
,,,,,k,,Ccv,nSt,k
,,,,,f,,f,k,uvc
,,,,,gx,,zvK,i,ytL
,,,,,ax,,jxQ,pvuA,THw
,,,,,kx,,ubx,nSt,u
,,,,,ox,,HRw,Ejwu,i
,,,,,px,,zvK,k,k
,,,,,dd,,jxQ,p,xuH
,,,,,k,,,n,WCz
,,,,,f,,,q,p
,,,,,i,,,WVCy,k
,,,,,ax,,,rTtu,yAY
,,,,,fx,,,URqg,eEa
,,,,,lx,,,k,WCz
,,,,,p,,,,k
,,,,,dd,,,,dVz
,,,,,,,,,ee
,,,,,,,,,iFZk
,,,,,,,,,LUr
,,,,,,,,,CaQR
,,,,,,,,,RKRe
,,,,,,,,,n
,,,,,,,,,WCz
,,,,,,,,,k
,,,,,,,,,i
,,,,,,,,,f
,,,,,,,,,WCz
,,,,,,,,,w
,,,,,,,,,WCz
,,,,,,,,,w
,,,,,,,,,WCz
,,,,,,,,,k
